{
  "skills": {
    "precision": 1.0,
    "recall": 1.0,
    "f1-score": 1.0,
    "support": 150,
    "confused_with": {}
  },
  "role": {
    "precision": 1.0,
    "recall": 1.0,
    "f1-score": 1.0,
    "support": 56,
    "confused_with": {}
  },
  "experience_years": {
    "precision": 0.9493670886075949,
    "recall": 1.0,
    "f1-score": 0.974025974025974,
    "support": 75,
    "confused_with": {}
  },
  "salary_expectation": {
    "precision": 1.0,
    "recall": 0.9436619718309859,
    "f1-score": 0.9710144927536231,
    "support": 71,
    "confused_with": {
      "experience_years": 4
    }
  },
  "work_format": {
    "precision": 1.0,
    "recall": 1.0,
    "f1-score": 1.0,
    "support": 41,
    "confused_with": {}
  },
  "micro avg": {
    "precision": 0.989821882951654,
    "recall": 0.989821882951654,
    "f1-score": 0.989821882951654,
    "support": 393
  },
  "macro avg": {
    "precision": 0.9898734177215189,
    "recall": 0.9887323943661972,
    "f1-score": 0.9890080933559193,
    "support": 393
  },
  "weighted avg": {
    "precision": 0.9903372306503043,
    "recall": 0.989821882951654,
    "f1-score": 0.9898065573472145,
    "support": 393
  },
  "accuracy": 0.9964633068081344
}